{"val/q_hat_loss_loss": 13.200873374938965, "train/q_hat_loss_breakdown": {"_type": "images/separated", "width": 400, "height": 400, "format": "png", "count": 1, "filenames": ["media/images/train/q_hat_loss_breakdown_479517_ff116140222e97c1ddad.png"]}, "train/kl_loss_loss": 1.3576900959014893, "train/beta": 0.0005, "train/gradients/mean_norm": 0.5400564074516296, "eval/results/metric/mse/top100_mean": 0.008474078191284207, "eval/results/verbose/mse/all100_mean": 0.05278669697356236, "eval/results/verbose/mse/all100_std": 0.04369584269174679, "eval/results/verbose/mse/top100_std": 0.01020895223743516, "val/kl_loss_loss": 1.3332467079162598, "train/q_hat_loss_loss": 10.497802734375, "_timestamp": 1669142663.9055815, "train/gradients/max_norm": 4.218214988708496, "_runtime": 154048.006503582, "_step": 479517, "val/rec_mse_loss": 0.9213343262672424, "train/total_loss": 11.419316291809082, "train/rec_mse_loss": 0.9208346605300904, "val/q_hat_loss_breakdown": {"_type": "images/separated", "width": 400, "height": 400, "format": "png", "count": 1, "filenames": ["media/images/val/q_hat_loss_breakdown_479516_0f6c47aab202840e2b8b.png"]}, "_wandb": {"runtime": 154304}}